instrument,section,measurement,sqs,sites,priority,science_leverage
AOS+ suite,"A. Aerosol, Gas, and Chemistry Measurements","Aerosol number, size, CCN, and trace gases composition, optical properties",SQ4 SQ5 SQ6,M1,3,Core aerosol measurement framework enabling aerosol–cloud–radiation closure and linking managed-land emissions to atmospheric processes.
CPCu,"A. Aerosol, Gas, and Chemistry Measurements","Ultrafine condensation particle counter (3–3,000 nm; cut size 3–3.5 nm)",SQ4 SQ5 SQ6,M1,2,Captures ultrafine aerosol populations and new particle formation events associated with agricultural emissions and post-precipitation aerosol regeneratioon processes.
CPCF,"A. Aerosol, Gas, and Chemistry Measurements","Fine condensation particle counter (10–3,000 nm total number concentration)",SQ4 SQ5 SQ6,M1,2,"Constrains fine aerosol number concentrations relevant to CCN availability, aerosol loading, and convective aerosol interactions across seasonal and synoptic regimes."
SMPS / APS / UHSAS,"A. Aerosol, Gas, and Chemistry Measurements",Aerosol number size distributions from ultrafine to coarse modes,SQ4 SQ5 SQ6,M1,3,"Defines aerosol size distributions from ultrafine to coarse modes governing CCN activation, aerosol growth, dust contributions, and aerosol removal by convection."
CCN200,"A. Aerosol, Gas, and Chemistry Measurements",CCN concentrations,SQ4 SQ5 SQ6,M1,3,"Links aerosol populations to cloud droplet activation efficiency, cloud microphysics, and precipitation formation processes."
Nephelometer / PSAP,"A. Aerosol, Gas, and Chemistry Measurements",Aerosol scattering and absorption coefficients,SQ2 SQ4 SQ5 SQ6,M1,2,"Constrains aerosol scattering and absorption properties relevant to aerosol radiative forcing, boundary-layer heating, and aerosol modulation of convective initiation."
Impactor,"A. Aerosol, Gas, and Chemistry Measurements",Size-segregated aerosol mass and chemical composition,SQ4 SQ5 SQ6,M1,3,"Size-segregated aerosol composition for distinguishing agricultural dust, pollen, biological aerosol particles, smoke, and transported anthropogenic aerosol contributions."
CO-Analyzer,"A. Aerosol, Gas, and Chemistry Measurements",Carbon monoxide mixing ratio,SQ2 SQ4 SQ6,M1,2,Tracer for separating local agricultural emissions from transported anthropogenic pollution and smoke influences affecting aerosol and convective environments.
O3,"A. Aerosol, Gas, and Chemistry Measurements",Ozone mixing ratio and photochemical tracer,SQ2 SQ4 SQ6,M1,2,"Tracks photochemical evolution, boundary-layer mixing, regional transport processes influencing aerosol production, convective environments, and land–atmosphere interactions."
AERI,"B. Thermodynamic, Radiative, and Column Measurements",Temperature and humidity profiling,SQ1 SQ2 SQ3 SQ5 SQ6 SQ7,M1 R1,3,"Constrains thermodynamic structure, boundary-layer growth, entrainment, moisture evolution, and pre-convective environments controlling convective initiation, nocturnal convection, and land–atmosphere coupling."
MWR3C,"B. Thermodynamic, Radiative, and Column Measurements","Precipitable water vapor, liquid water path, column moisture",SQ1 SQ2 SQ5 SQ6 SQ7,M1 R1,3,"Provides column moisture, liquid water path, and precipitable water vapor constraints essential for convective initiation, moisture convergence, and storm-environment evolution."
MFR,"B. Thermodynamic, Radiative, and Column Measurements",Spectral irradiance (multi-channel radiometer),SQ1 SQ2 SQ3 SQ4 SQ6,M1,2,Constrains spectral radiative fluxes and aerosol radiative impacts supporting surface-energy-budget closure and aerosol-radiation interactions.
MFRSR,"B. Thermodynamic, Radiative, and Column Measurements",Spectral irradiance and aerosol optical depth,SQ2 SQ4 SQ5 SQ6,M1 S1,2,Provides aerosol optical depth and spectral irradiance observations supporting aerosol-radiation closure and aerosol variability across managed-land gradients.
SIRS,"B. Thermodynamic, Radiative, and Column Measurements",Downwelling/upwelling shortwave/longwave radiation,SQ1 SQ2 SQ3,M1 S1,3,"Measures surface radiation budget, cloud-radiation feedbacks, albedo, and winter surface-energy controls affecting land–atmosphere coupling and predictability."
CSPHOT,"B. Thermodynamic, Radiative, and Column Measurements",Aerosol optical depth and cloud optical properties,SQ4 SQ5 SQ6,M1,2,Provides column aerosol optical depth and cloud optical properties supporting aerosol characterization and aerosol-radiation-cloud interactions.
ASI,"B. Thermodynamic, Radiative, and Column Measurements",All-sky cloud imagery and cloud fraction,SQ2 SQ6 SQ7,M1,2,"Documents cloud fraction, shallow cloud development, and convective evolution associated with boundary-layer transitions and organized storm development."
DL,C. Active Remote Sensing and Profiling,"Wind profiles, turbulence, vertical velocity, aerosol/cloud backscatter",SQ1 SQ2 SQ3 SQ4 SQ6 SQ7,M1 R1,3,"Provides wind profiles, turbulence, convergence boundaries, low-level jets, wake lows, and cold-pool structure essential for understanding convective initiation and storm organization."
MPL,C. Active Remote Sensing and Profiling,"Aerosol/cloud backscatter, cloud base, aerosol layering",SQ2 SQ3 SQ4 SQ5 SQ7,M1,3,"Tracks aerosol layers, cloud-base evolution, boundary-layer depth, and aerosol transport associated with convection and aerosol-cloud interactions."
CEIL,C. Active Remote Sensing and Profiling,Cloud base height and aerosol layer detection,SQ2 SQ3 SQ7,M1 R1,3,"Observations of cloud-base height, aerosol layering, and boundary-layer evolution."
KAZR,C. Active Remote Sensing and Profiling,"Cloud/precipitation structure, reflectivity, Doppler velocity",SQ2 SQ3 SQ4 SQ5 SQ6 SQ7,M1,3,"Observes cloud and precipitation vertical structure, hydrometeor evolution, and organized storm dynamics supporting cloud lifecycle and convective-system studies."
RWP,C. Active Remote Sensing and Profiling,"ABL wind profiles, vertical velocity",SQ1 SQ2 SQ3 SQ7,M1,2,"Captures boundary-layer wind structure, vertical velocity, and nocturnal low-level jets relevant to organized convection and severe wind environments."
ECOR,"D. Surface Fluxes, Meteorology, and Land Surface","Sensible and latent heat fluxes, CO2 flux, turbulence",SQ1 SQ2 SQ3 SQ7,M1 S1,3,"Directly quantifies sensible and latent heat fluxes, evapotranspiration, and land–atmosphere turbulent coupling across managed agricultural surfaces."
SEBS,"D. Surface Fluxes, Meteorology, and Land Surface",Surface energy balance components,SQ1 SQ2 SQ3 SQ7,M1 S1,3,"Constrains surface-energy partitioning, soil-moisture controls, and land-surface forcing influencing boundary-layer evolution and S2A predictability."
MET / METWXT,"D. Surface Fluxes, Meteorology, and Land Surface","Temperature, humidity, wind, pressure, precipitation, present weather",SQ1 SQ2 SQ3 SQ6 SQ7,M1 S1 R1,3,"Provides core near-surface meteorological forcing, gradients, observations across the deployment domain, storm passage characterization, and post-event recovery."
AOSMET,"D. Surface Fluxes, Meteorology, and Land Surface","Meteorological measurements at AOS inlet (temperature, humidity, pressure, wind)",SQ2 SQ4 SQ5 SQ6,M1,2,"Meteorological context for aerosol observations, linking aerosol variability to boundary-layer evolution and surface forcing."
MAWS,"D. Surface Fluxes, Meteorology, and Land Surface",Surface meteorological reference for sonde launches,SQ3 SQ7,M1,2,Accurate near-surface meteorological reference conditions for radiosonde launches and IOP characterization.
GNDIRT / IRT,"D. Surface Fluxes, Meteorology, and Land Surface",Ground and sky infrared temperatures,SQ2 SQ3,M1,2,"Constrains surface thermal contrasts, cloud/sky infrared temperatures, and winter surface-energy conditions influencing cold-air outbreaks and land-atmosphere coupling."
WB,"D. Surface Fluxes, Meteorology, and Land Surface",Precipitation accumulation,SQ1 SQ2 SQ3 SQ7,M1,3,"Rainfall accumulation, hydrologic forcing, storm-total precipitation, post-event land-surface recharge and memory."
LDIS,E. Precipitation Microphysics and Soundings,Drop size distribution and fall velocity,SQ1 SQ2 SQ3,M1 S1 R1,3,"Precipitation microphysics, drop-size distributions, and cold-pool forcing characteristics associated with convective systems and winter precipitation transitions."
VDIS,E. Precipitation Microphysics and Soundings,Two-dimensional drop size and shape distributions,SQ1 SQ2 SQ3,M1,2,Detailed hydrometeor size and shape information supporting precipitation microphysics and ice-phase process characterization.
MRR,E. Precipitation Microphysics and Soundings,Vertical profiles of precipitation reflectivity and Doppler velocity,SQ2 SQ3 SQ4 SQ5 SQ6 SQ7,R1,3,"Captures vertical precipitation structure, melting-layer evolution, rain-rate profiles, and convective-system development relevant to cold pools and storm evolution."
SONDE,E. Precipitation Microphysics and Soundings,"Temperature, humidity, wind profiles, stability, CAPE/CIN",SQ1 SQ2 SQ3 SQ4 SQ5 SQ6 SQ7,M1 R1,3,"Provides thermodynamic and kinematic profiles required for closure of boundary-layer evolution, instability, shear, nocturnal convection, and severe storm environments."
