site_id,site_name,state,lat,lon,elev_m,igbp,status,tower_start,tower_end,base_years,n_base_years,fluxnet_years,data_policy,le_in_base,h_in_base,g_in_base,netrad_in_base,sm_in_base,n_base_vars,doi_ameriflux,mgmt,url,igbp_comment,in_derechos_box,km_to_M1
US-IB2,Fermi National Accelerator Laboratory- Batavia (Prairie site),IL,41.8406,-88.241,226.5,GRA,Active,2004,,2004-2018,15,,CCBY4.0,True,True,True,True,True,23,10.17190/AMF/1246066,Fire|Undisturbed,https://ameriflux.lbl.gov/sites/siteinfo/US-IB2,restored prairie,True,247.0
US-IB1,Fermi National Accelerator Laboratory- Batavia (Agricultural site),IL,41.8593,-88.2227,226.5,CRO,Active,2005,,2005-2018,14,,CCBY4.0,True,True,True,True,True,23,10.17190/AMF/1246065,Agriculture,https://ameriflux.lbl.gov/sites/siteinfo/US-IB1,corn and soybean rotation,True,248.9
US-Br1,Brooks Field Site 10- Ames,IA,41.9749,-93.6906,313,CRO,Inactive,2001,2025,2005-2011,7,,LEGACY,True,True,True,True,True,33,10.17190/AMF/1246038,,https://ameriflux.lbl.gov/sites/siteinfo/US-Br1,,True,223.5
US-Br3,Brooks Field Site 11- Ames,IA,41.9747,-93.6936,313,CRO,Inactive,2001,2025,2005-2011,7,,LEGACY,True,True,True,True,True,33,10.17190/AMF/1246039,,https://ameriflux.lbl.gov/sites/siteinfo/US-Br3,,True,223.8
US-IAB,Iowa State University NE tower,IA,42.0001,-93.7016,314.4,CRO,Active,2019,,2019-2024,6,2019-2024,CCBY4.0,True,True,False,True,True,25,10.17190/AMF/2567982,Agriculture,https://ameriflux.lbl.gov/sites/siteinfo/US-IAB,"The first planted crop was Corn; here is the planting and harvesting time of the rotated crops for this tower.          Planting Date	Harvesting Date    Year/Crop May 7, 2019	Oct 15, 2019        2019/Corn May 11, 2019	Oct 6, 2020          2020/Soybean June 2, 2021	Sep 21, 2021       2021/Sorghum May",True,225.3
US-IAC,Iowa State University SE tower,IA,41.9984,-93.7016,315,CRO,Active,2019,,2019-2024,6,2019-2024,CCBY4.0,True,True,False,True,True,25,10.17190/AMF/2586672,Agriculture,https://ameriflux.lbl.gov/sites/siteinfo/US-IAC,"The first planted crop was Sorghum; here is the planting and harvesting time of the rotated crops for this tower.                      Planting date            Harvesting Date     Year/Crop June 11, 2019	  Oct 8, 2019	2019/Sorghum April 24, 2020	  Oct 6, 2020	2020/Corn May 12, 2021	  Oct 10, 2021	20",True,225.2
US-IAM,Iowa State University Miscanthus,IA,41.9994,-93.7042,314,CRO,Active,2019,,2019-2024,6,2019-2024,CCBY4.0,True,True,False,True,True,25,10.17190/AMF/2567983,Agriculture,https://ameriflux.lbl.gov/sites/siteinfo/US-IAM,"Miscanthus x giganteus perennial C4 crop. CRO (Croplands: Lands covered with temporary crops followed by harvest and a bare soil period (e.g., single and multiple cropping systems). Note that perennial woody crops will be classified as the appropriate forest or shrub land cover type.)",True,225.4
US-CLN,Coles Farm North,IA,42.4886,-93.5227,368.1,CRO,Active,2016,,2021-2023,3,,LEGACY,True,True,True,True,True,35,10.17190/AMF/3023113,,https://ameriflux.lbl.gov/sites/siteinfo/US-CLN,Crop rotation system with maize and soybean.,True,235.2
US-VT1,Vermillion Tributary Paired Cropland – Site 1 (Corn/Soy; No Cover Crops),IN,40.4064,-87.5214,216,CRO,Active,2023,,2023-2025,3,2023-2025,CCBY4.0,True,True,True,True,True,49,10.17190/AMF/2567994,Agriculture,https://ameriflux.lbl.gov/sites/siteinfo/US-VT1,"Corn was harvested on 2023-10-20. In 2024, soybeans were planted around 2024-05-01, reached full canopy by 2024-09-06, and were  harvested on 2024-10-03",True,318.9
US-VT2,Vermillion Tributary Paired Cropland – Site 2 (Corn/Soy; Cover Crops),IN,40.4018,-87.5213,216,CRO,Active,2023,,2023-2025,3,2023-2025,CCBY4.0,True,True,True,True,True,45,10.17190/AMF/2567995,Agriculture,https://ameriflux.lbl.gov/sites/siteinfo/US-VT2,"Cover crops were air-seeded on 2023-09-08 (cereal rye). Corn was harvested on 2023-10-20. In 2024, soybeans were planted around 2024-05-01, reached full canopy by 2024-09-06, and were  harvested on 2024-10-03. Cover crops (mix of oats and radish) were air-seeded on 2024-10-03. These were later winte",True,319.1
US-ZF1,Zumwalt Farm Treatment,IL,40.7976,-87.5355,202,CRO,Active,2024,,2024-2026,3,2024-2025,CCBY4.0,True,True,True,True,True,39,10.17190/AMF/3023119,Agriculture,https://ameriflux.lbl.gov/sites/siteinfo/US-ZF1,Soy bean,True,306.1
US-ZF2,Zumwalt Farm Control,IL,40.7939,-87.5355,202,CRO,Active,2024,,2024-2026,3,2024-2025,CCBY4.0,True,True,True,True,True,39,10.17190/AMF/3023120,Agriculture,https://ameriflux.lbl.gov/sites/siteinfo/US-ZF2,Soy bean,True,306.2
US-AMS,Argonne Testbed for Multiscale Observational Science (ATMOS),IL,41.7018,-87.9963,232,GRA,Active,2021,,2022-2023,2,,CCBY4.0,True,True,False,True,True,42,10.17190/AMF/2531142,Agriculture|Drought|Fire|Land cover change|Storm or wind,https://ameriflux.lbl.gov/sites/siteinfo/US-AMS,,True,264.2
US-CLS,Coles Farm South,IA,42.4826,-93.5249,354,CRO,Active,2016,,2025-2025,1,,LEGACY,True,True,True,True,True,48,10.17190/AMF/3023114,,https://ameriflux.lbl.gov/sites/siteinfo/US-CLS,Crop rotation system with maize and soybean.,True,234.9
US-CU1,UIC Plant Research Laboratory Chicago,IL,41.8694,-87.6459,183.4,URB,Active,2024,,2024-2024,1,,CCBY4.0,True,True,False,False,False,33,10.17190/AMF/2531143,Undisturbed,https://ameriflux.lbl.gov/sites/siteinfo/US-CU1,"Mix of turf, plants, and trees, alongside concrete and asphalt surfaces",True,296.1
US-Br2,Brooks Field Site 1011- Ames,IA,41.9757,-93.6925,314,CRO,Inactive,2005,2025,,0,,LEGACY,False,False,False,False,False,0,,,https://ameriflux.lbl.gov/sites/siteinfo/US-Br2,,True,223.7
US-CU2,CSU Williams Science Center,IL,41.7187,-87.6108,176,URB,Active,2025,,,0,,CCBY4.0,False,False,False,False,False,0,,Undisturbed,https://ameriflux.lbl.gov/sites/siteinfo/US-CU2,"Brick and concrete buildings, parking lots, turf, and trees.",True,296.3
US-CU3,Bernard Brommel Hall,IL,41.9805,-87.7166,195,URB,Active,2025,,,0,,CCBY4.0,False,False,False,False,False,0,,Undisturbed,https://ameriflux.lbl.gov/sites/siteinfo/US-CU3,"Large expanses of turf with few trees, and low-rise campus buildings with nearby parking areas.",True,293.0
US-CU4,Argonne Testbed for Multiscale Observational Science (ATMOS),IL,41.7015,-87.9953,228,OSH,Active,2025,,,0,,CCBY4.0,False,False,False,False,False,0,,Undisturbed,https://ameriflux.lbl.gov/sites/siteinfo/US-CU4,"Open prairie and grassland areas interspersed with patches of forest edge, light infrastructure and access roads",True,264.3
US-IAA,Iowa State University NW tower,IA,42.0004,-93.7068,307.7,CRO,Active,2019,,,0,,CCBY4.0,False,False,False,False,False,0,,Agriculture,https://ameriflux.lbl.gov/sites/siteinfo/US-IAA,"The first planted crop was Soybean; here is the planting and harvesting time of the rotated crops for this tower.          Planting Date	Harvesting Date	    Year/Crop June 1, 2019	Oct 15, 2019	   2019/Soybean June 3, 2020	Oct 8, 2019	   2020/Sorghum April 28, 2021	Oct 15, 2019	   2021/Corn May 12, 2",True,225.7
US-NPR,Neil Smith Prairie,IA,41.5586,-93.2929,277,GRA,Active,2004,,,0,,LEGACY,False,False,False,False,False,0,,,https://ameriflux.lbl.gov/sites/siteinfo/US-NPR,"Restored diverse native ecosystem of tallgrass prairie, oak savanna and sedge meadow.",True,181.0
US-Ne1,Mead - irrigated continuous maize site,NE,41.1651,-96.4766,361,CRO,Active,2001,,2001-2025,25,2001-2024,CCBY4.0,True,True,True,True,True,29,10.17190/AMF/1246084,Agriculture,https://ameriflux.lbl.gov/sites/siteinfo/US-Ne1,Agriculture (continuous maize until 2021 and maize soybean rotation since 2022),False,445.2
US-Ne2,Mead - irrigated maize-soybean rotation site,NE,41.1649,-96.4701,362,CRO,Active,2001,,2001-2025,25,2001-2024,CCBY4.0,True,True,True,True,True,29,10.17190/AMF/1246085,Agriculture,https://ameriflux.lbl.gov/sites/siteinfo/US-Ne2,Agriculture (maize-soybean rotation),False,444.6
US-Ne3,Mead - rainfed maize-soybean rotation site,NE,41.1797,-96.4397,363,CRO,Active,2001,,2001-2025,25,2001-2024,CCBY4.0,True,True,True,True,True,29,10.17190/AMF/1246086,Agriculture,https://ameriflux.lbl.gov/sites/siteinfo/US-Ne3,Agriculture (maize-soybean rotation),False,442.0
US-UiA,University of Illinois Switchgrass,IL,40.0646,-88.1961,224,CRO,Active,2008,,2008-2024,17,2008-2024,CCBY4.0,True,True,True,True,True,43,10.17190/AMF/1617725,Agriculture,https://ameriflux.lbl.gov/sites/siteinfo/US-UiA,Panicum virgatum perennial crop,False,283.7
US-UiB,University of Illinois Miscanthus,IL,40.0628,-88.1984,224,CRO,Active,2008,,2008-2024,17,2008-2024,CCBY4.0,True,True,True,True,True,43,10.17190/AMF/1846664,Agriculture,https://ameriflux.lbl.gov/sites/siteinfo/US-UiB,Miscanthus x giganteus perennial C4 crop,False,283.6
US-UiC,University of Illinois Maize-Soy,IL,40.0628,-88.1961,224,CRO,Active,2008,,2008-2024,17,2008-2024,CCBY4.0,True,True,True,True,True,43,10.17190/AMF/1846665,Agriculture,https://ameriflux.lbl.gov/sites/siteinfo/US-UiC,This field was planted in maize-soy rotation starting in 2008. It was almost certainly cropland before this date but the specific crop type is unknown.,False,283.8
US-Bo1,Bondville,IL,40.0062,-88.2904,219,CRO,Active,1996,,1996-2008,13,,CCBY4.0,True,True,True,True,True,33,10.17190/AMF/1246036,,https://ameriflux.lbl.gov/sites/siteinfo/US-Bo1,http://public.ornl.gov/ameriflux/Site_Info/siteInfo.cfm?KEYID=us.bondville.01,False,280.3
US-Ro1,Rosemount- G21,MN,44.7143,-93.0898,290,CRO,Inactive,2003,2017,2004-2016,13,2004-2016,CCBY4.0,True,True,True,True,True,31,10.17190/AMF/1246092,Agriculture,https://ameriflux.lbl.gov/sites/siteinfo/US-Ro1,"Corn-Soybean annual rotation (corn: 2003, 2005, 2007, 2009, 2011, 2013; soybean: 2004, 2006, 2008, 2010, 2012, 2014)",False,406.7
US-Mo1,LTAR CMRB Field 1 (CMRB ASP),MO,39.2298,-92.1167,260,CRO,Active,2015,,2015-2025,11,2015-2024,CCBY4.0,True,True,True,True,True,38,10.17190/AMF/1870588,Agriculture,https://ameriflux.lbl.gov/sites/siteinfo/US-Mo1,Field and surrounding areas are generally in grain crop production along with some areas of pasture and hay. Trees are found along some field boundaries and along streams.,False,249.7
US-Mo3,LTAR CMRB Field 3 (CMRB BAU),MO,39.2322,-92.1493,261,CRO,Active,2016,,2016-2025,10,2016-2023,CCBY4.0,True,True,True,True,True,38,10.17190/AMF/1870589,Agriculture,https://ameriflux.lbl.gov/sites/siteinfo/US-Mo3,Field surrounding areas are generally in grain crop production along with some areas of pasture and hay. Trees are found along some field boundaries and along streams,False,250.4
US-Ro5,Rosemount I18_South,MN,44.691,-93.0576,283,CRO,Active,2017,,2017-2026,10,2017-2024,CCBY4.0,True,True,True,True,True,31,10.17190/AMF/1419508,Agriculture,https://ameriflux.lbl.gov/sites/siteinfo/US-Ro5,,False,403.3
US-Ro6,Rosemount I18_North,MN,44.6946,-93.0578,282,CRO,Active,2017,,2017-2026,10,2017-2024,CCBY4.0,True,True,True,True,True,31,10.17190/AMF/1419509,Agriculture,https://ameriflux.lbl.gov/sites/siteinfo/US-Ro6,,False,403.7
US-Ro2,Rosemount- C7,MN,44.7288,-93.0888,292,CRO,Inactive,2003,2017,2008-2016,9,2008-2016,CCBY4.0,True,True,True,True,False,30,10.17190/AMF/1418683,Agriculture,https://ameriflux.lbl.gov/sites/siteinfo/US-Ro2,Corn-Soybean-Kura Clover annual rotation,False,408.2
US-MN1,"Morris: Corn-Soybean with Cover Crops, Strip Tillage",MN,45.6168,-96.1269,339,CRO,Active,2017,,2017-2024,8,2017-2024,CCBY4.0,True,True,False,True,True,48,10.17190/AMF/2407204,Agriculture,https://ameriflux.lbl.gov/sites/siteinfo/US-MN1,,False,629.6
US-MN2,"Morris: Corn-Soybean-Wheat with Cover Crops, Minimal Tillage",MN,45.627,-96.1271,339,CRO,Active,2017,,2017-2024,8,2017-2024,CCBY4.0,True,True,False,True,True,48,10.17190/AMF/2407205,Agriculture,https://ameriflux.lbl.gov/sites/siteinfo/US-MN2,,False,630.4
US-DFC,"US Dairy Forage Research Center, Prairie du Sac",WI,43.3448,-89.7117,264.9,CRO,Active,2018,,2018-2024,7,2018-2024,CCBY4.0,True,True,True,True,True,35,10.17190/AMF/1660340,Agriculture,https://ameriflux.lbl.gov/sites/siteinfo/US-DFC,,False,250.6
US-UiE,University of Illinois Sorghum-Soy,IL,40.0629,-88.2033,217,CRO,Active,2018,,2018-2024,7,2018-2024,CCBY4.0,True,True,True,True,True,25,10.17190/AMF/2567986,Agriculture|Storm or wind,https://ameriflux.lbl.gov/sites/siteinfo/US-UiE,This field was planted in sorghum-soy rotation starting in 2017. It was almost certainly cropland before this date but the specific crop type is unknown,False,283.2
US-UiF,University of Illinois Miscanthus 2,IL,40.0665,-88.2015,220,CRO,Active,2017,,2018-2023,6,2018-2023,CCBY4.0,True,True,True,True,True,25,10.17190/AMF/2574371,Agriculture|Storm or wind,https://ameriflux.lbl.gov/sites/siteinfo/US-UiF,This field was planted in miscanthus x giganteus starting in 2017. It was almost certainly cropland before this date but the specific crop type is unknown,False,283.2
US-UiG,University of Illinois Maize-Soy 2,IL,40.0629,-88.2009,220,CRO,Active,2017,,2018-2023,6,2018-2023,CCBY4.0,True,True,True,True,True,25,10.17190/AMF/2574375,Agriculture|Storm or wind,https://ameriflux.lbl.gov/sites/siteinfo/US-UiG,This field was planted in maize-soy rotation starting in 2017. It was almost certainly cropland before this date but the specific crop type is unknown,False,283.4
US-Bo2,Bondville (companion site),IL,40.009,-88.29,219,CRO,Inactive,2004,2008,2004-2008,5,,CCBY4.0,True,True,True,True,True,33,10.17190/AMF/1246037,,https://ameriflux.lbl.gov/sites/siteinfo/US-Bo2,http://public.ornl.gov/ameriflux/Site_Info/siteInfo.cfm?KEYID=us.bondville.02,False,280.2
US-MN3,"Morris: Corn-Soybean, Conventional Tillage",MN,45.6091,-96.1265,339,CRO,Active,2020,,2020-2024,5,2020-2024,CCBY4.0,True,True,True,True,True,49,10.17190/AMF/2407206,Agriculture,https://ameriflux.lbl.gov/sites/siteinfo/US-MN3,,False,628.9
US-DFK,Dairy Forage Research Center - Kernza,WI,43.3453,-89.7154,210,CRO,Active,2018,,2018-2021,4,2018-2020,CCBY4.0,True,True,True,True,True,32,10.17190/AMF/1825937,Agriculture,https://ameriflux.lbl.gov/sites/siteinfo/US-DFK,,False,250.5
US-INi,INFLUX - Agricultural Site East of Indianapolis (Site-9a),IN,39.8167,-85.7005,,CRO,Inactive,2019,2022,2019-2022,4,,CCBY4.0,True,True,False,False,False,26,10.17190/AMF/2001306,,https://ameriflux.lbl.gov/sites/siteinfo/US-INi,,False,483.8
US-INj,INFLUX - Agricultural Site East of Indianapolis (Site-9b),IN,39.8766,-85.7066,,CRO,Active,2020,,2020-2023,4,,CCBY4.0,True,True,False,False,False,26,10.17190/AMF/2001307,,https://ameriflux.lbl.gov/sites/siteinfo/US-INj,,False,481.0
US-Ro3,Rosemount- G19,MN,44.7217,-93.0893,260,CRO,Inactive,2003,2010,2004-2007,4,2004-2007,CCBY4.0,True,True,True,True,False,17,10.17190/AMF/1246093,Agriculture,https://ameriflux.lbl.gov/sites/siteinfo/US-Ro3,"Corn-Soybean annual rotation (corn: 2003, 2005, 2007, 2009, 2011, 2013; soybean: 2004, 2006, 2008, 2010, 2012, 2014)",False,407.5
US-INe,INFLUX - Agricultural Site West near Pittsboro,IN,39.8632,-86.5083,,CRO,Inactive,2017,2019,2017-2019,3,,CCBY4.0,True,True,False,False,False,15,10.17190/AMF/2001303,,https://ameriflux.lbl.gov/sites/siteinfo/US-INe,,False,419.4
US-INn,INFLUX - Agricultural Site West of Indianapolis (Site-14a),IN,39.9468,-86.788,,CRO,Inactive,2019,2021,2019-2021,3,,CCBY4.0,True,True,False,False,False,26,10.17190/AMF/2001308,,https://ameriflux.lbl.gov/sites/siteinfo/US-INn,,False,394.4
US-SD1,Shatto Ditch Paired Cropland - Site 1 (Corn/Soy; No Cover Crops),IN,41.2048,-86.0296,,CRO,Active,2023,,2023-2025,3,2023-2025,CCBY4.0,True,True,True,True,True,45,10.17190/AMF/3015326,Agriculture,https://ameriflux.lbl.gov/sites/siteinfo/US-SD1,,False,425.5
US-SD2,Shatto Ditch Paired Cropland - Site 2 (Corn/Soy; Cover Crops),IN,41.1785,-85.9977,,CRO,Active,2023,,2023-2025,3,2023-2025,CCBY4.0,True,True,True,True,True,45,10.17190/AMF/3015327,,https://ameriflux.lbl.gov/sites/siteinfo/US-SD2,,False,428.3
US-CS1,Central Sands Irrigated Agricultural Field,WI,44.1031,-89.5379,328,CRO,Inactive,2018,2019,2018-2019,2,2018-2019,CCBY4.0,True,True,False,True,False,30,10.17190/AMF/1617710,Agriculture,https://ameriflux.lbl.gov/sites/siteinfo/US-CS1,"2018 is Potatoes, 3-yr rotation",False,332.7
US-CS3,Central Sands Irrigated Agricultural Field,WI,44.1394,-89.5727,328,CRO,Inactive,2019,2020,2019-2020,2,2019-2020,CCBY4.0,True,True,False,True,False,30,10.17190/AMF/1617713,Agriculture,https://ameriflux.lbl.gov/sites/siteinfo/US-CS3,"2018 is Potatoes, 3-yr rotation",False,335.3
US-CS4,Central Sands Irrigated Agricultural Field,WI,44.1597,-89.5475,328,CRO,Inactive,2020,2021,2020-2021,2,2020-2021,CCBY4.0,True,True,False,True,False,30,10.17190/AMF/1756417,Agriculture,https://ameriflux.lbl.gov/sites/siteinfo/US-CS4,"2020 is Potatoes, 3-yr rotation",False,338.1
US-CS6,Central Sands Irrigated Agricultural Field,WI,44.4297,-89.544,328,CRO,Inactive,2022,2023,2022-2023,2,2022-2023,CCBY4.0,True,True,True,True,True,33,10.17190/AMF/2001297,Agriculture,https://ameriflux.lbl.gov/sites/siteinfo/US-CS6,"2022 is Potatoes, 3-yr rotation",False,366.0
US-INd,INFLUX - Agricultural Site East near Pittsboro,IN,39.8645,-86.5005,,CRO,Inactive,2017,2018,2017-2018,2,,CCBY4.0,True,True,False,False,False,15,10.17190/AMF/2001302,,https://ameriflux.lbl.gov/sites/siteinfo/US-INd,,False,420.0
US-INp,INFLUX - Agricultural Site West of Indianapolis (Site-14b) ,IN,39.9477,-86.7821,,CRO,Inactive,2021,2021,2020-2021,2,,CCBY4.0,True,True,False,False,False,26,10.17190/AMF/2001309,,https://ameriflux.lbl.gov/sites/siteinfo/US-INp,,False,394.8
US-CC1,Coloma Corn 1,WI,44.0732,-89.6787,314,CRO,Inactive,2021,2021,2021-2021,1,,CCBY4.0,True,True,True,True,True,29,10.17190/AMF/1865475,,https://ameriflux.lbl.gov/sites/siteinfo/US-CC1,Corn,False,325.1
US-CC2,Coloma Corn 2,WI,44.1039,-89.6196,320,CRO,Inactive,2021,2021,2021-2021,1,,CCBY4.0,True,True,False,True,True,46,10.17190/AMF/1865476,,https://ameriflux.lbl.gov/sites/siteinfo/US-CC2,Corn,False,330.1
US-CS5,Central Sands Irrigated Agricultural Field,WI,44.1095,-89.5377,328,CRO,Inactive,2021,2022,2021-2021,1,2021-2021,CCBY4.0,True,True,True,True,True,33,10.17190/AMF/1846663,Agriculture,https://ameriflux.lbl.gov/sites/siteinfo/US-CS5,"2021 is Potatoes, 3-yr rotation",False,333.4
US-CS8,Central Sands Irrigated Agricultural Field,WI,44.4338,-89.5364,328,CRO,Inactive,2023,2023,2023-2023,1,2023-2023,CCBY4.0,True,True,True,True,True,33,10.17190/AMF/2001298,Agriculture,https://ameriflux.lbl.gov/sites/siteinfo/US-CS8,"2023 is Potatoes, 3-yr rotation",False,366.7
US-IS1,Illinois SmartFarm - Pesotum Eddy Covariance Site,IL,39.89,-88.21,202.73,CRO,Active,2021,,,0,,CCBY4.0,False,False,False,False,False,0,,Agriculture|Drought,https://ameriflux.lbl.gov/sites/siteinfo/US-IS1,,False,293.0
US-IS2,Illinois SmartFarm - Villa Grove Eddy Covariance Site,IL,39.88,-88.15,198.19,CRO,Active,2021,,,0,,CCBY4.0,False,False,False,False,False,0,,Agriculture|Drought,https://ameriflux.lbl.gov/sites/siteinfo/US-IS2,,False,297.7
US-IS3,Illinois SmartFarm - Bondville Eddy Covariance Site,IL,40.01,-88.29,220,CRO,Active,2020,,,0,,CCBY4.0,False,False,False,False,False,0,,Agriculture|Drought,https://ameriflux.lbl.gov/sites/siteinfo/US-IS3,,False,280.1
US-KCM,KCMP Tall Tower,MN,44.6886,-93.0728,290,CRO,Active,2007,,,0,,LEGACY,False,False,False,False,False,0,,Agriculture,https://ameriflux.lbl.gov/sites/siteinfo/US-KCM,,False,403.5
US-KSC,Kegonsa Solar - Control,WI,42.9596,-89.2923,278,CRO,Active,2024,,,0,,CCBY4.0,False,False,False,False,False,0,,Agriculture,https://ameriflux.lbl.gov/sites/siteinfo/US-KSC,The tower is located between two crop fields to the East and West. The tower located in a narrow strip of grass which extends to the north and south. To the southeast of the tower there is a solar array which has been planted with native grasses.,False,235.1
US-KSP,Kegonsa Solar - Pretreatment,WI,42.9572,-89.2924,269,CRO,Inactive,2023,2024,,0,,CCBY4.0,False,False,False,False,False,0,,Agriculture|Land cover change,https://ameriflux.lbl.gov/sites/siteinfo/US-KSP,,False,234.8
US-OK1,ECB: Site A1 - North Field,IN,41.5348,-84.8068,274.93,CRO,Active,2020,,,0,,LEGACY,False,False,False,False,False,0,,Agriculture,https://ameriflux.lbl.gov/sites/siteinfo/US-OK1,,False,527.4
US-OK2,ECB: Site A3 - South Field,IN,41.766,-111.855,274.015,CRO,Active,2020,,,0,,LEGACY,False,False,False,False,False,0,,Agriculture,https://ameriflux.lbl.gov/sites/siteinfo/US-OK2,,False,1725.7
