source,product,variable,endpoint,auth,verified,native_res,temporal_res,coverage_start,coverage_end,latency,notes
OpenET,OpenET API v3.2 (Ensemble + 6 members),"ET, ETo, ETof, ET_MAD_min/max","https://openet-api.org (POST /raster/timeseries/point|polygon, /raster/export/stack, /raster/metadata)",API key in Authorization header (free account at etdata.org),no (no key configured),30 m (Landsat),"daily, monthly",2016-01-01,present (~1-2 mo lag),weeks,"Host reachable, /openapi.json public (35.6 kB, 20 paths). No key -> 403 {'detail':'Not authenticated'}; INVALID key -> HTTP 500 Internal Server Error, so a bad key is indistinguishable from a server fault. CONUS/48-state coverage only since Dec 2025 - Iowa/Illinois were NOT covered before that. Members: Ensemble, eeMETRIC, geeSEBAL, SSEBop, SIMS, DisALEXI, PT-JPL. reference_et=gridMET."
NASA LP DAAC,MOD16A2GF.061 (gap-filled 8-day),"ET_500m, PET_500m, LE_500m, ET_QC_500m",https://opendap.earthdata.nasa.gov/collections/C2565791021-LPCLOUD/granules/<gid>.dap.nc4?dap4.ce=...,Earthdata bearer token (NASAEDTOKEN),yes,500 m,8-day,2000-01-01,2025-12-27,~1 year (annual gap-fill),"DAP4 group path is /MOD_Grid_MOD16A2/Data_Fields/ET_500m - a bare /ET_500m CE returns Hyrax 400. 301x301 subset = 238 kB in 4.2 s. NO _FillValue attribute: mask on valid_range [-32767,32700]*0.1 or the domain mean is 55 mm/day instead of 3.60 mm/day (15x)."
Microsoft Planetary Computer,modis-16A3GF-061 (MOD16A3GF + MYD16A3GF),"ET_500m, PET_500m, LE_500m",https://planetarycomputer.microsoft.com/api/stac/v1/search + /api/sas/v1/sign ; also opendap.earthdata.nasa.gov,none (anonymous SAS token),yes,463 m,annual,2000,2023 (4 items/yr over domain),~1 year,"Collection mixes Terra (MOD) and Aqua (MYD) - filter on the id prefix or you average two sensors. COGs are uint16 nodata 65535 but the HDF fill 32767 survives: mask >32700. 2022 domain tile h11v04 gives p5/p50/p95 = 401/606/762 mm/yr masked vs 1279 mm/yr naive. Whole-tile read 27.8 s; use windowed reads. Sign with /api/sas/v1/sign?href=... - manually appending the /token/<coll> string gave 403. OPeNDAP also serves this annual product (MOD16A3GF.A2022001.h11v04.061 DMR 200, 33.6 kB), so PC is a convenience rather than the only HDF4-free route: use OPeNDAP for spatial subsets, PC COGs for whole tiles."
NASA LP DAAC,MOD16A2.061 (near-real-time 8-day),ET_500m,CMR short_name=MOD16A2 version=061,Earthdata bearer token,discovery only,500 m,8-day,2021-01-01,2026-09-06,~3 weeks,The non-gap-filled twin of MOD16A2GF. Use it for anything inside the last year; GF lags ~1 year.
NASA LP DAAC,ECO_L3T_JET v002 (ECOSTRESS ET ensemble),"ETdaily (mm/d), PTJPLSMinst/canopy/soil/interception, STICinst, BESSinst, MOD16inst, ETinstUncertainty",CMR granules.json -> https://data.lpdaac.earthdatacloud.nasa.gov/... (302 -> CloudFront presign),Earthdata bearer token,yes,70 m,ISS-irregular,2018-07-29,2026-09-15,days-weeks,"28,233 granules over the domain box. BUT: of 16 granules over S1's tile 15TXF in Jun-Aug 2024, mean valid fraction 28.6%, only 8 of 16 >10% valid, and only 2 of 16 were both daytime (9-15 LST) and >10% valid. The pre-dawn granule (05:13 LST) is 99.9% valid with median ETdaily = 0.00 mm/day - averaging granules without a local-solar-time filter drives the domain mean toward zero. The 2024-07-31 midday granule downloads cleanly as a 19 kB file with 161/2,458,624 valid pixels (0.007%). ETinstUncertainty is ~70% of ETinst. Tiles are MGRS in the local UTM zone (15TXF -> EPSG:32615, 16TBK -> EPSG:32616); CMR bbox matching returns tiles that only graze the domain (16TBK spans 39.6-40.6N)."
NASA LP DAAC,ECO_L3T_ET_ALEXI v002 (disALEXI 24-h CONUS),ETdaily,CMR short_name=ECO_L3T_ET_ALEXI,Earthdata bearer token,discovery only,70 m,ISS-irregular,2018-07-29,2026-02-05,stalled?,"10,308 granules over the domain but the newest is 2026-02-05 while ECO_L3T_JET runs to 2026-09-15 - production appears to lag or have stopped. Check before planning on it."
NASA LP DAAC,ECO_L4T_ESI v002,evaporative stress index,CMR short_name=ECO_L4T_ESI,Earthdata bearer token,discovery only,70 m,ISS-irregular,2018-07-29,2026-09-15,days-weeks,"28,263 granules over the domain; same sampling caveats as ECO_L3T_JET."
USGS EROS / FEWS NET,SSEBop CONUS monthly actual ET,"ETa (mm/month), anomaly",https://edcintl.cr.usgs.gov/downloads/sciweb1/shared/uswem/web/conus/eta/modis_eta/monthly/downloads/m<YYYYMM>.zip,none,yes,1 km (MODIS),monthly,2000-01,2026-08,~1 month,"640 files: m<YYYYMM>.zip = actual ET, ma<YYYYMM>.zip = anomaly. m202407.zip is 10.9 MB in 9.8 s and holds one GeoTIFF (m202407.modisSSEBopETactual.tif). Directory index is plain HTML - regex the hrefs. The annual/downloads/ sibling path 404s; edcintl root is 403."
USGS EROS / FEWS NET,SSEBop global monthly ETa,ETa,https://edcintl.cr.usgs.gov/downloads/sciweb1/shared/fews/web/global/monthly/eta/downloads/,none,listing only,1 km,monthly,2003-01,2026,~1 month,"222 files, same naming. CONUS product is the one to use here."
NASA GES DISC,NLDAS_NOAH0125_H.2.0 (hourly Noah),"Qle, Qh, Evap, PotEvap, TVeg, ESoil, ECanop, RootMoist, SoilM_*, LAI, GVEG, CCond, RCSOL (54 vars)",https://hydro1.gesdisc.eosdis.nasa.gov/data/NLDAS/NLDAS_NOAH0125_H.2.0/<YYYY>/<DOY>/<file>.nc,Earthdata bearer token,yes,0.125 deg (~12.5 km),hourly,1979-01-02,2026-09-21,~4 days,"netCDF4 (not GRIB) in v2.0. 7.35 MB/hour, 4.8 s each; a full day is 169 MB in 206 s. Domain subset is 19x61 cells. Only source here that carries the ET PARTITION: on 2024-07-31 the domain split was TVeg 79% / ECanop 17% / ESoil 4%. Directory listing needs the bearer token. Caveat for H4: Noah's GVEG and LAI are MODIS climatology, so NLDAS cannot represent interannual crop variability by construction."
NSIDC DAAC,SPL4SMGP.008 (SMAP L4 geophysical),"heat_flux_latent, heat_flux_sensible, land_evapotranspiration_flux, sm_surface, sm_rootzone",https://opendap.earthdata.nasa.gov/collections/C3480440870-NSIDC_CPRD/granules/<gid>.dap.nc4?dap4.ce=/Geophysical_Data/<var>,Earthdata bearer token,yes,9 km EASE2,3-hourly,2015-03-31,2026-09-22,~3 days,"1,944 domain cells. A CE with no index range returns the whole 1624x3856 global grid: 24 MB in 6.2 s for 5 variables - add [y0:y1][x0:x1] to cut it. land_evapotranspiration_flux is kg/m2/s (1.05e-4 -> 9.04 mm/day); consistent with heat_flux_latent 258 W/m2. The legacy host n5eil01u.ecs.nsidc.org is unreachable even after allowlisting - use data.nsidc.earthdatacloud.nasa.gov or OPeNDAP."
NSIDC DAAC,SPL4CMDL.008 (SMAP L4 carbon),"nee, gpp, soil carbon",CMR short_name=SPL4CMDL version=008,Earthdata bearer token,discovery only,9 km,daily,2015-03-31,2026-09-21,~4 days,"4,194 granules over the domain. Carries carbon fluxes, not LE - use SPL4SMGP for latent heat."
NOAA / AWS Open Data,HRRR sfc analysis + forecast,"LHTFL, SHTFL, GFLUX, VEG (surface)","s3://noaa-hrrr-bdp-pds via Herbie(model='hrrr', product='sfc', priority=['aws'])",none,yes,3 km,hourly,2014-07-30,present,~1-2 h,"18,028 domain cells. .idx byte-range search pulls 4 fields in 6.5 s instead of a 130 MB GRIB2. Herbie renames to cfgrib short names: LHTFL->slhtf, SHTFL->ishf, GFLUX->gflux, VEG->veg. Longitudes are 0-360. At 18Z 2024-07-31 HRRR LHTFL = 216 W/m2 against NLDAS Qle = 375 W/m2 - a 1.7x spread between the campaign's two candidate forcings at the same timestamp."
Microsoft Planetary Computer,landsat-c2-l2 (Landsat Collection 2 Level-2),"lwir11 (ST_B10), atran, emis, red, nir08, qa_pixel",https://planetarycomputer.microsoft.com/api/stac/v1/search + /api/sas/v1/sign,none (anonymous SAS),yes,30 m (thermal resampled from 100 m),"16 d/sensor, ~8 d L8+L9",1982,present,~1-2 days,20 scenes with cloud<15% over the S1 box Jun-Sep 2024. A 418x579 windowed read of lwir11 took 2.4 s; ST = DN*0.00341802 + 149.0 K. Mean 28.4 C at S1 on 2024-09-09. THIS is the working route: the USGS LandsatLook STAC search also works (22 landsat-c2l2-st scenes Jul-Aug 2024) but its https hrefs 302 to ers.cr.usgs.gov interactive login and the s3://usgs-landsat alternate is requester-pays.
USGS,"LandsatLook STAC (landsat-c2l2-st, landsat-c2ard-st)","ST, SR, BT",https://landsatlook.usgs.gov/stac-server/search,none for search; ERS login or requester-pays S3 for data,search only,30 m,16 d/sensor,1982,present,~1-2 days,14 collections including landsat-c2l2-st and the ARD variants. Use it for discovery/metadata; take the pixels from Planetary Computer.
University of Idaho,gridMET / METDATA reference ET,"pet (grass ETo), etr (alfalfa ETr)",https://www.northwestknowledge.net/metdata/data/pet_<YYYY>.nc,none,yes,4 km (1/24 deg),daily,1979-01-01,present,~1-5 days,"NAMING TRAP: grass reference ET is pet_YYYY.nc, NOT eto_YYYY.nc (which 404s). pet_2024.nc is 70.3 MB (49.7 s), etr_2024.nc 93.1 MB; server supports byte ranges so /vsicurl or h5netcdf range reads work. Variable name inside is potential_evapotranspiration; lat descends so slice(42.7, 40.4). Domain = 10,248 cells; 2024-07-31 domain-mean ETo = 4.61 mm/day. This is OpenET's and SSEBop's reference-ET denominator."
Microsoft Planetary Computer,gridmet (Zarr mirror),"potential_evapotranspiration, vpd","PC STAC collection 'gridmet', zarr-abfs / zarr-https",none,collection metadata only,4 km,daily,1979-01-01,2020-12-31,stale,SILENT STALENESS: the PC mirror stops at 2020-12-31 while native gridMET runs to the present. A pipeline written against it will simply return nothing for campaign years.
Microsoft Planetary Computer,terraclimate,"aet (actual ET), pet, vpd, srad",PC STAC 'terraclimate' Zarr,none,collection metadata only,~4 km (1/24 deg),monthly,1958-01-01,2021-12-01,stale,Water-balance actual ET. Useful as a long climatology; also stops in 2021 on PC.
GLEAM (Ghent University),GLEAM v4 global ET,"E, Et, Eb, Ei, Ep, S",https://www.gleam.eu,registration + SFTP,blocked,0.1 deg / 25 km,"daily, monthly",1980,2023,~1 year,"www.gleam.eu is not on the sandbox allowlist and distribution is by SFTP after a registration form, which this sandbox cannot do. Not verified. At 0.1-0.25 deg it is also too coarse to resolve the Ames-Chicago land-use gradient; treat as a sanity check, not a map source."
Copernicus CDS,"ERA5-Land hourly (evaporation, slhf)","e, evavt, evabs, slhf",https://cds.climate.copernicus.eu/api,CDS API key (personal access token),blocked,9 km,hourly,1950,present (~5 day lag),~5 days,"cds.climate.copernicus.eu is not allowlisted and no CDS credential is configured. The Planetary Computer 'era5-pds' collection is reachable but its 14 variables contain NO evaporation or latent-heat field, so it is not a substitute. Not verified."
AmeriFlux / LBNL,Site web service v1 + v2,"site metadata, BASE variable list, published data years",https://amfcdn.lbl.gov/api/v1/site_display/AmeriFlux ; /api/v1/site_availability/AmeriFlux ; /api/v2/site_info_display/AmeriFlux,none,yes,point,-,1990s,present,-,"SUPERSEDES the 'AmeriFlux unreachable' note in derechos-data-sources: amfcdata.lbl.gov and ameriflux-data.lbl.gov still fail, but amfcdn.lbl.gov works. v1 site_display = 844 sites (299 kB); v2 site_info_display = 844 richer records (1.69 MB) carrying base_variables (so you can test 'LE' membership directly), grp_publish_base (the exact published data years), publish_ameriflux_policy (CCBY4.0 vs LEGACY), status, DOIs, and planting/harvest dates in grp_igbp.igbp_comment. country is 'USA' and state is a 2-letter code - filtering on 'United States'/'Iowa' returns nothing."
AmeriFlux / LBNL,BASE-BADM / FLUXNET data download,"LE, H, G, NETRAD, SWC, FC (half-hourly)",POST https://amfcdn.lbl.gov/api/v2/data_download,AmeriFlux account user_id + user_email,"endpoint live, not exercised",point,half-hourly,varies,varies,days-months,"Live and validating: an empty body returns 422 naming exactly four required fields - user_id, user_email, data_policy, data_product. agree_policy is client-side only (the server rejects it as 'Unknown field'). Not exercised because it logs an identified user; register an AmeriFlux account and supply the real id. act.discovery.download_ameriflux_data wraps this."
ARM Data Center,sgpecorsf<FAC>.b1 (Eddy Correlation Flux),"latent/sensible heat flux, CO2 flux",https://adc.arm.gov/armlive/livedata/query|saveData ; act.discovery.download_arm_data,ARMUSER:ARMTOKEN,yes,point,30 min,1999,2026-09-24,~1 day,"NAME TRAP: the b1 datastream is sgpecorsfE33.b1 (with 'sf'), NOT sgpecorE33.b1 - the latter returns status 'success' with zero files. Active SGP facilities E33, E37, E39 (2019-10 -> present); sgpecorsfwind*.a1 carries the wind data but a-level is not served by ARM Live. One day = 87.6 kB in 0.7 s."
ARM Data Center,sgpsebs<FAC>.b1 (Surface Energy Balance System),"net radiation, soil heat flux, soil moisture",ARM Live,ARMUSER:ARMTOKEN,yes,point,varies,2010-10-19,2026-09-24,~1 day,"Active at E12, E14, E32, E33, E37, E39. E12/E32 SEBS start 2024-12-09/11, exactly as EBBR ends."
ARM Data Center,"sgp{5,15,30}ebbr<FAC>.b1 (Bowen Ratio)",latent and sensible heat flux,ARM Live,ARMUSER:ARMTOKEN,yes,point,5/15/30 min,1993-07-06,2024-12-10,retired,"The 31-year SGP Bowen-ratio ET record ENDS 2024-12-10 (E12, E32 last; E13 ended 2023-12-18). Any 'out-of-domain training analogue' built on EBBR is a historical record, not a concurrent one for 2027-2029. Use ECOR + SEBS for the campaign period."
Iowa Environmental Mesonet,ISUSM daily,"et (in/day), solar, precip, soil temp/VWC at 4/12/24/50 in",https://mesonet.agron.iastate.edu/cgi-bin/request/isusm.py?station=..&mode=daily&format=comma&tz=UTC&sts=..&ets=..,none,yes,point,daily and hourly,"2013-12-17 (M1), 2014-04-02 (S1)",present,~1 day,"ENDPOINT CORRECTION to derechos-data-sources: /agclimate/isusm.py returns a PNG plot for these parameters; the data endpoint is /cgi-bin/request/isusm.py. 2024 full year at FRUI4+CRFI4 = 732 rows, 119 kB, no gaps and no -99 sentinels in the et column. et is in INCHES/day. JJA 2024 means: FRUI4 (S1) 5.02, CRFI4 (M1) 4.82 mm/day; annual max 11.2-11.4 mm/day, which is reference-ET magnitude, not actual ET. Treat et as a reference/potential ET diagnostic - it is NOT an eddy-covariance constraint. The dead deep-VWC sensors at FRUI4 (pinned at 1.00) are unrelated to the et column."
Illinois State Water Survey,Illinois Climate Network / WARM,"soil moisture, soil temp, potential ET",https://warm.isws.illinois.edu/warm/...,ISWS account (login),blocked (login),point,hourly/daily,early 2000s,present,-,"Station metadata pages are public (stnmetadata.asp, 21 stations); cdflist.asp is a login page and every PET path tried (/warm/pet/, /warm/weekly/pet.asp, /warm/datafile.asp) 404s. Needs an ISWS data account or a direct transfer via co-author Trent Ford."
USDA NASS,Cropland Data Layer (CropScape / PC 'usda-cdl'),"crop class, crop frequency, cultivated mask",PC STAC 'usda-cdl'; nassgeodata.gmu.edu axis2 for 2022-2024,none,yes (prior session),30 m,annual,2008 (PC) / 1999 (CropScape),2021 (PC) / 2024 (CropScape),~1 year,Verified in derechos-landuse-imagery. Needed to stratify any ET map by corn/soybean/grass. CropScape is badly degraded (2 of 3 GetCDLValue calls time out past 200 s); use the PC COGs for 2008-2021.
NASA LP DAAC,HLSS30 / HLSL30 v2.0,30 m harmonized reflectance (NDVI/EVI inputs),CMR + data.lpdaac.earthdatacloud.nasa.gov (302 -> d1nklfio7vscoe.cloudfront.net),Earthdata bearer token,yes (prior session),30 m,~2-3 day combined,2013-04-13,2026-09-23,~2-3 days,"Verified incl. authenticated download in derechos-landuse-imagery. NIR band differs: B08 for S30, B05 for L30."
NASA LP DAAC,MCD15A3H.061 / MOD15A2H.061,"LAI, FPAR",CMR / AppEEARS,Earthdata bearer token,discovery only (prior session),500 m,4-day / 8-day,2002,present,~1 week,18 granules over the domain for Jul 2024. HDF-EOS2: the sandbox GDAL has no HDF4 driver - use OPeNDAP (as for MOD16) or install pyhdf.
NASA,AppEEARS,"point/area extraction for 187 products incl. MOD16, ECO_L3T, SPL4SMGP",https://appeears.earthdatacloud.nasa.gov/api/,Earthdata USERNAME+PASSWORD (not a bearer token),catalogue only,varies,varies,varies,varies,-,"GET /api/product is public (187 products, 108 kB). POST /api/login needs HTTP basic with the Earthdata PASSWORD; the configured NASAEDTOKEN is a bearer token and returns 401. Task submission not possible here. If a password is obtained this is the cheapest route to long MOD16/ECOSTRESS point series at S1/M1."
