product,method_family,inputs,native_resolution,temporal_resolution,spatial_coverage,cropland_rmse,cropland_bias,validation_doi,failure_mode
SEBAL,One-source SEB residual,"LST, albedo, NDVI, DEM, ground weather; two scene endmember pixels",Sensor-dependent (30 m Landsat to 1 km MODIS),"Per clear-sky overpass, extrapolated to daily/seasonal","Scene-by-scene, applied in 30+ countries",Developer-reported 85% accuracy field/1 day; 95% seasonal; 96% annual watershed,Not independently reported in retrieved record,10.1061/(asce)0733-9437(2005)131:1(85),Hot/cold endmember selection; no valid dry pixel in fully vegetated humid scenes
METRIC,One-source SEB residual with internalized calibration,"Landsat shortwave+thermal, DEM, ground weather, reference ET",30 m (thermal sharpened),"Per overpass, ET_rF interpolation to daily/seasonal",Scene-by-scene; US West operational,Per-image error SD 13-20%; growing-season 1-4% at two Idaho irrigated sites,1-4% seasonal (developer sites),10.1061/(asce)0733-9437(2007)133:4(395),Cold endmember tied to reference ET; anchor-pixel and advection sensitivity
SEBS,"One-source SEB, explicit similarity solution","LST, reflectance, roughness, meteorology (no scene endmembers)",Sensor-dependent,Per overpass to daily,Global-capable,Not separated for cropland in retrieved evaluations,Systematic overestimation in WACMOS-ET tower evaluation,10.5194/hess-20-803-2016,Dry/wet-limit bracketing plus roughness sensitivity drives high bias
SSEBop,"One-source SEB, parameterized boundary conditions","MODIS or Landsat LST, GDAS/gridded weather, reference ET",100 m (Landsat 8 thermal) to 1 km (MODIS),"Monthly, seasonal, annual (10-day capable)",CONUS operational; global capable,Daily 0.48-0.60 mm (overpass days); monthly 7.75-13.04 mm; R2 0.74-0.95; NSE 0.66-0.91,13-22% daily; 2-35% monthly,10.1016/j.rse.2015.12.043,Pre-computed boundary conditions; complex terrain and cloud gaps
geeSEBAL,One-source SEB residual (SEBAL in Earth Engine),"Landsat collection, ERA5-Land or in-situ meteorology, automated CIMEC endmembers",30 m,"Per overpass, 1984-present","Global (Earth Engine); demonstrated Brazil, now an OpenET member",Daily RMSD 0.67 mm/d vs closure-corrected EC (ERA5-Land forcing); 0.71 mm/d with in-situ met,Not reported separately for cropland,10.1016/j.isprsjprs.2021.05.018,Endmember percentile choice; biome-tuned percentiles cut error 36%
TSEB (Norman two-source),"Two-source SEB, soil/canopy partitioning","Directional radiometric LST, LAI/fractional cover, meteorology",Sensor-dependent (30 m to 1 km),Per overpass,Global-capable; basis of ALEXI/DisALEXI and eeMETRIC lineage,"Daily 1.2 mm/d (TSEB-PT, 30 towers, all biomes); r=0.83",Mean percent bias error -9% (TSEB-PT) vs +1% (single-source HSEB),10.1029/2022wr032800,Worst in warm-summer humid continental climate; poor partitioning over senescent canopies
ALEXI,Two-source SEB with morning LST time-rate-of-change,"Geostationary TIR time change, insolation, ABL growth model, LAI",5-10 km,Daily,"Continental (US, Europe, Africa)",Not separated for cropland at native scale in retrieved record,Insensitive to absolute LST bias by construction,10.5194/hess-15-223-2011,5-10 km pixel far coarser than Midwest field mosaic; requires disaggregation
DisALEXI,Two-source SEB disaggregation,ALEXI coarse flux field plus high-resolution LST and VI (ASTER/Landsat/MODIS/aircraft),10-100 m,Per high-resolution overpass,Field to continental,~40 W/m2 vs ground validation (Southern Great Plains),Not reported,10.1029/2002wr001775,Inherits ALEXI coarse-scale flux; disaggregation assumes flux conservation
TSEB + STARFM fusion (field-scale daily),Two-source SEB with Landsat-MODIS data fusion,"Landsat TIR 30 m, MODIS 1 km, geostationary TIR, reflectance fusion",30 m,Daily (reconstructed between overpasses),"Field scale, US agricultural sites",0.5 mm/d on Landsat dates; 0.9 mm/d daily at Mead NE (~50 ha fields); 1.5 mm/d Bushland TX irrigated (~5 ha),Not reported separately,10.1016/j.agrformet.2013.11.001,Cannot capture post-irrigation ET spikes in fields small relative to MODIS pixel
HLS + sharpened VIIRS ET,SEB with harmonized optical and sharpened thermal,"Landsat TIR, Sentinel-2 reflectance, VIIRS 375 m TIR sharpened to S2",30 m,2-3 days,"US agricultural sites, multiple crop types",MAE 0.49 mm/d (VIIRS-S2) vs 0.45 mm/d (native Landsat),Not reported,10.3390/rs13173420,Accuracy degrades at large VIIRS view angles; imperfect cloud masking
MOD16 / MOD16A2,"Penman-Monteith satellite, LAI-scaled conductance","MODIS LAI/FPAR, land cover, albedo; reanalysis meteorology (GMAO)",500 m (A2 v006); 1 km (earlier),8-day and monthly/annual,Global,43 W/m2 at ARM SGP (vs 36 W/m2 for in-situ-met reconstruction); temporal r=0.75,-38% annual ET at ARM SGP; ETp overestimated ~65% and staged ETa underestimated for soybean in Argentine Pampas,10.1029/2018jg004744,Overestimated dry-canopy surface resistance; spatially autocorrelated field misses heterogeneity
PT-JPL,Priestley-Taylor satellite with ecophysiological constraints,"VI (NDVI/SAVI), net radiation, VPD/RH, air temperature; no soil moisture",Native to forcing (1 km to 0.5 deg); 70 m in ECOSTRESS,Monthly to instantaneous,Global; an OpenET member,"Best-performing of four algorithms in WACMOS-ET tower evaluation (R2 0.67 in-situ / 0.58 satellite forcing, all biomes)",No systematic cropland bias reported in retrieved evaluations,10.5194/hess-20-803-2016,No direct stress observation; degrades in dry regimes and under water stress
GLEAM v3,Priestley-Taylor with microwave stress factor and interception,"Microwave soil moisture and VOD, LST, SWE, reanalysis T and radiation, precipitation",0.25 deg,Daily,"Global, 1980-present",Evaporation correlation 0.78-0.81 across 91 EC towers (all biomes),-5% annual bias across 43 stations (v1); not cropland-specific,10.5194/gmd-10-1903-2017,0.25 deg pixel cannot resolve field mosaic; stress via soil moisture proxy not flux
ECOSTRESS L3 ET (PT-JPL),Priestley-Taylor on ISS thermal,"ECOSTRESS L2 LST&E (70 m), ancillary surface and atmospheric data",70 m,"Instantaneous at overpass; ~4-day revisit, varying time of day","Global clear-sky, ISS latitude band","Normalized RMSE 6%, r2 0.88 across 82 EC sites (all biomes)",Overall bias 8%,10.1029/2019wr026058,"Clear-sky only, irregular revisit; 85% correlation gain purely from finer pixels than 1 km"
BESS-STAIR,Coupled water-carbon-energy biophysical model with Landsat-MODIS fusion,"STAIR-fused daily 30 m reflectance -> LAI and albedo, coarse meteorology, CO2",30 m,"Daily, all-weather (gap-free)","US Corn Belt, 2000-2017 (globally applicable inputs)","RMSE 0.93 mm/d, R2 0.75, relative error 27.9% (12 sites, 85 site-years, maize/soybean)",Not reported separately; calibration-free,10.5194/hess-24-1251-2020,"No thermal constraint, so stress enters only through modelled coupling"
SIMS,VI-driven basal crop coefficient (FAO-56 / Allen-Pereira),"Landsat/Sentinel NDVI -> fractional cover -> Kcb, gridded reference ET, crop mask",30 m,Daily,"~4 Mha California farmland; an OpenET member, CONUS-capable","Daily basal ET uncertainty <0.5 mm/d; seasonal 6-10% (49 fields, 18 crop types)",6-10% seasonal,10.3390/rs4020439,"Assumes full water availability; no stress detection, so overestimates ET of green stressed rainfed crops"
NDVI/EVI empirical ET (Kc-VI regression),"VI crop coefficient, purely empirical","MODIS EVI or NDVI, reference ET",250 m - 1 km,8-16 day,Regional (lower Colorado; High Plains),RMSE 1.2 mm/d on mean 6.2 mm/d (~20%); Kc r2 0.90-0.91 with Kc RMSE 0.16-0.19,Daily ET overestimated 6-11% for wheat and corn in VI water-balance implementation,10.3390/rs1041273,NDVI saturation at high LAI; moderate non-linear VI-canopy relationships; no stress term
OpenET ensemble,"Weighted ensemble of six SEB, PT and Kc models","Landsat collection 2, gridded meteorology (gridMET), crop/land-cover ancillary",30 m,Daily and monthly,Contiguous United States,Cropland MAE 15.8 mm/month (17% of observed); r2 0.90 (152 stations). Per-model monthly MAE 13.6-21.6 mm/month; daily 0.74-1.07 mm/d,MBE -5.3 mm/month (6%); ensemble within +/-8% seasonally,10.1038/s44221-023-00181-7,Inherits clear-sky Landsat sampling; much weaker over shrubland and forest; weighting adds only 8% in cropland
FLUXCOM (RS and RS+METEO),"ML tower upscaling, 147-member factorial ensemble",FLUXNET LE/H/Rn targets; MODIS remote sensing (RS) or RS + meteorology,0.0833 deg (RS); 0.5 deg (RS+METEO),"Daily to monthly, 2001-2013",Global,Global LE 39.14 +/- 6.60 W/m2 (RS) and 39.49 +/- 4.51 W/m2 (RS+METEO); no cropland-specific RMSE published,Inherits EC closure bias; treated as explicit ensemble dimension,10.1038/s41597-019-0076-8,Underestimates interannual variability; monthly-anomaly modelling efficiency only 0.29-0.52
X-BASE (FLUXCOM-X),"ML tower upscaling, extended framework","Expanded EC network, satellite observations; hourly",0.05 deg,"Hourly, 2001-2020",Global,Global ET 74.7e3 +/- 0.9e3 km3/yr; T/ET 57%; no cropland-specific RMSE published,ET exceeds precipitation in many dry regions (overestimation),10.5194/bg-21-5079-2024,"Very low interannual variability, acknowledged as unsolved across data-driven products"
"ML upscaling (RF/ANN/SVM/Cubist, regional)","ML tower upscaling, regional","EC tower fluxes, remote sensing and meteorological predictors",1 km,Daily,Basin scale (Heihe River Basin demonstration),"ANN, Cubist, RF and SVM near-identical; deep belief network slightly worse (36 towers, 65 site-years)",Not reported,10.1029/2018jd028447,Better over dense vegetation than barren/sparse; sparse-network extrapolation
"NLDAS-2 (Noah, VIC, SAC, Mosaic)",LSM ensemble on common forcing,"Gridded surface meteorology, precipitation, radiation; no satellite flux constraint",0.125 deg (~14 km),"Hourly, 1979-present",CONUS,"ET uncertainty ~5 mm/month (south-central US, LSM family)",Large inter-model spread from subsurface hydrology and cold-season processes,10.1002/2013wr014581,No crop phenology or management; ET is a water-balance residual of the forcing
SMAP L4 (L4_SM),LSM with L-band brightness temperature assimilation,SMAP Tb assimilated into NASA Catchment LSM with GEOS forcing,9 km,"3-hourly, 2015-present",Global,"Surface SM ubRMSE 0.038 m3/m3, root-zone 0.030 m3/m3 at 9 km (vs model-only 0.042 / 0.032)",Flux bias not independently validated in the retrieved assessment,10.1175/jhm-d-17-0063.1,"Assimilation improves soil moisture state, not directly the flux; 9 km coarser than field"
GRACE water-balance ET,Water-balance residual from satellite gravimetry,"GRACE TWS change, gridded precipitation, observed runoff",~100-300 km effective,Monthly,"Basin scale, global",ET uncertainty 20-30 mm/month,Independent of tower and satellite error sources,10.1002/2013wr014581,Too coarse for field or domain mapping; only useful as an independent closure check
